{"base": {"accuracy_score": 0.9956, "f1_score_macro": 0.9955861598397971, "f1_score_weighted": 0.9956003854113596, "size (kb)": 5271}, "weight_pruning_0.5": {"accuracy_score": 0.9956, "f1_score_macro": 0.9955642506545042, "f1_score_weighted": 0.9956001612772477, "size (kb)": 1594}, "weight_pruning_0.7": {"accuracy_score": 0.9947, "f1_score_macro": 0.9947179409977258, "f1_score_weighted": 0.9947020061610014, "size (kb)": 1594}, "weight_pruning_0.8": {"accuracy_score": 0.9949, "f1_score_macro": 0.9948692487488472, "f1_score_weighted": 0.9949009436333472, "size (kb)": 1594}, "weight_pruning_0.85": {"accuracy_score": 0.9959, "f1_score_macro": 0.9958711269758368, "f1_score_weighted": 0.9958997910205951, "size (kb)": 1594}, "weight_pruning_0.9": {"accuracy_score": 0.9942, "f1_score_macro": 0.9941686158209849, "f1_score_weighted": 0.9942056725573478, "size (kb)": 1594}, "weight_pruning_0.925": {"accuracy_score": 0.9961, "f1_score_macro": 0.9960849852574636, "f1_score_weighted": 0.9961009850924409, "size (kb)": 1594}, "weight_pruning_0.95": {"accuracy_score": 0.9944, "f1_score_macro": 0.9943698271259492, "f1_score_weighted": 0.9943979315415525, "size (kb)": 1594}, "weight_pruning_0.975": {"accuracy_score": 0.9957, "f1_score_macro": 0.9956495966452505, "f1_score_weighted": 0.9957024163434745, "size (kb)": 1594}, "weight_pruning_0.99": {"accuracy_score": 0.9953, "f1_score_macro": 0.9952797637223672, "f1_score_weighted": 0.9952981501497308, "size (kb)": 1595}, "node_pruning_0.6561": {"accuracy_score": 0.9962, "f1_score_macro": 0.9961702378234385, "f1_score_weighted": 0.996200395231112, "params": 148165, "size (kb)": 1599}, "node_pruning_0.5904900000000001": {"accuracy_score": 0.9953, "f1_score_macro": 0.9952661062856789, "f1_score_weighted": 0.9953006957782291, "params": 124977, "size (kb)": 1350}, "node_pruning_0.9": {"accuracy_score": 0.9955, "f1_score_macro": 0.9954633221512204, "f1_score_weighted": 0.9955019364892527, "params": 244977, "size (kb)": 2636}, "node_pruning_0.81": {"accuracy_score": 0.9943, "f1_score_macro": 0.9942408477500206, "f1_score_weighted": 0.9943008778070905, "params": 208041, "size (kb)": 2241}, "node_pruning_0.7290000000000001": {"accuracy_score": 0.9954, "f1_score_macro": 0.9953704563419945, "f1_score_weighted": 0.9954021924606923, "params": 173168, "size (kb)": 1868}, "node_pruning_0.531441": {"accuracy_score": 0.9948, "f1_score_macro": 0.9947753906851444, "f1_score_weighted": 0.9948001117239286, "params": 102771, "size (kb)": 1112}, "node_pruning_0.4782969000000001": {"accuracy_score": 0.9952, "f1_score_macro": 0.9951450894446499, "f1_score_weighted": 0.9952027044781684, "params": 82200, "size (kb)": 892}}