{"base": {"accuracy_score": 0.9946, "f1_score_macro": 0.9945353813840067, "f1_score_weighted": 0.9946022970459262, "size (kb)": 461.15625}, "bnn_node_pruning_0.9": {"accuracy_score": 0.9943, "f1_score_macro": 0.9942249038263073, "f1_score_weighted": 0.9942995841787866, "size (kb)": 384.527587890625}, "bnn_node_pruning_0.81": {"accuracy_score": 0.995, "f1_score_macro": 0.9949761851192394, "f1_score_weighted": 0.9950010256357394, "size (kb)": 308.5103759765625}, "bnn_node_pruning_0.7290000000000001": {"accuracy_score": 0.9947, "f1_score_macro": 0.99467093509776, "f1_score_weighted": 0.9947004639753819, "size (kb)": 248.45361328125}}