{"base": {"accuracy_score": 0.9956, "f1_score_macro": 0.9955861598397971, "f1_score_weighted": 0.9956003854113596, "size (kb)": 5271}, "float32": {"accuracy_score": 0.9956, "f1_score_macro": 0.9955861598397971, "f1_score_weighted": 0.9956003854113596, "size (kb)": 1714}, "float16": {"accuracy_score": 0.9955, "f1_score_macro": 0.9954941412797655, "f1_score_weighted": 0.9955004827277726, "size (kb)": 452}}