{"base": {"accuracy_score": 0.9933, "f1_score_macro": 0.9932564166087712, "f1_score_weighted": 0.9933014831902781, "size (kb)": 499.3203125}, "bnn_node_pruning_0.9": {"accuracy_score": 0.9943, "f1_score_macro": 0.9942596290727959, "f1_score_weighted": 0.9942998257817102, "size (kb)": 422.691650390625}, "bnn_node_pruning_0.81": {"accuracy_score": 0.9932, "f1_score_macro": 0.9932025907482211, "f1_score_weighted": 0.9931997007734189, "size (kb)": 350.7569580078125}, "bnn_node_pruning_0.7290000000000001": {"accuracy_score": 0.9923, "f1_score_macro": 0.9922686355267911, "f1_score_weighted": 0.9923010768599765, "size (kb)": 286.61767578125}, "bnn_node_pruning_0.6561": {"accuracy_score": 0.9917, "f1_score_macro": 0.9916585391916357, "f1_score_weighted": 0.9917032807390076, "size (kb)": 232.9368896484375}}