{"base": {"accuracy_score": 0.992, "f1_score_macro": 0.9919281643115353, "f1_score_weighted": 0.9919991900465633, "size (kb)": 57.64453125, "params": 437064}, "bnn_node_pruning_0.9": {"accuracy_score": 0.991, "f1_score_macro": 0.9909242381845298, "f1_score_weighted": 0.9910005733271992, "params": 344386, "size (kb)": 46.009033203125}, "bnn_node_pruning_0.81": {"accuracy_score": 0.9903, "f1_score_macro": 0.9901923391098016, "f1_score_weighted": 0.9903065882614106, "params": 260364, "size (kb)": 35.45947265625}, "bnn_node_pruning_0.7290000000000001": {"accuracy_score": 0.991, "f1_score_macro": 0.9909425875082114, "f1_score_weighted": 0.9910006597203311, "params": 191604, "size (kb)": 26.80224609375}, "bnn_node_pruning_0.6561": {"accuracy_score": 0.9893, "f1_score_macro": 0.989277318446425, "f1_score_weighted": 0.9893038266843683, "params": 148051, "size (kb)": 21.2513427734375}, "bnn_node_pruning_0.5904900000000001": {"accuracy_score": 0.9882, "f1_score_macro": 0.9881357310279542, "f1_score_weighted": 0.9881975147396581, "params": 118523, "size (kb)": 17.4344482421875}, "bnn_node_pruning_0.531441": {"accuracy_score": 0.9887, "f1_score_macro": 0.9886512324874712, "f1_score_weighted": 0.988698989188843, "params": 94830, "size (kb)": 14.351806640625}, "bnn_node_pruning_0.4782969000000001": {"accuracy_score": 0.9868, "f1_score_macro": 0.9866713565538522, "f1_score_weighted": 0.986792655711395, "params": 79758, "size (kb)": 12.336181640625}, "bnn_node_pruning_0.4304672100000001": {"accuracy_score": 0.9862, "f1_score_macro": 0.9861334009366678, "f1_score_weighted": 0.9862066789212484, "params": 66426, "size (kb)": 10.554931640625}, "bnn_node_pruning_0.3874204890000001": {"accuracy_score": 0.9756, "f1_score_macro": 0.9755613226634532, "f1_score_weighted": 0.9756440537054556, "params": 56576, "size (kb)": 9.21337890625}, "bnn_node_pruning_0.3486784401000001": {"accuracy_score": 0.9825, "f1_score_macro": 0.9823324943197933, "f1_score_weighted": 0.9825071980481213, "params": 49182, "size (kb)": 8.186279296875}, "bnn_node_pruning_0.31381059609000006": {"accuracy_score": 0.9811, "f1_score_macro": 0.9809825586705238, "f1_score_weighted": 0.9810833413761082, "params": 42629, "size (kb)": 7.2691650390625}, "bnn_node_pruning_0.2824295364810001": {"accuracy_score": 0.969, "f1_score_macro": 0.9686646662440725, "f1_score_weighted": 0.9690705724131405, "params": 34158, "size (kb)": 6.132568359375}, "bnn_node_pruning_0.2541865828329001": {"accuracy_score": 0.9721, "f1_score_macro": 0.9721786620729513, "f1_score_weighted": 0.972096856301176, "params": 28229, "size (kb)": 5.3135986328125}, "bnn_node_pruning_0.2287679245496101": {"accuracy_score": 0.8998, "f1_score_macro": 0.8987434562125586, "f1_score_weighted": 0.9002529704655635, "params": 23964, "size (kb)": 4.71240234375}, "bnn_node_pruning_0.20589113209464907": {"accuracy_score": 0.9627, "f1_score_macro": 0.9623939481937696, "f1_score_weighted": 0.9627937724916468, "params": 22124, "size (kb)": 4.41455078125}}