{"base": {"accuracy_score": 0.9938, "f1_score_macro": 0.9937268916609143, "f1_score_weighted": 0.9938018119428014, "size (kb)": 461.15625}, "bnn_node_pruning_0.9": {"accuracy_score": 0.9949, "f1_score_macro": 0.9948666932743147, "f1_score_weighted": 0.9949008450650721, "size (kb)": 372.8502197265625}, "bnn_node_pruning_0.81": {"accuracy_score": 0.9948, "f1_score_macro": 0.9947838251224732, "f1_score_weighted": 0.9947989245552431, "size (kb)": 294.409423828125}, "bnn_node_pruning_0.7290000000000001": {"accuracy_score": 0.9944, "f1_score_macro": 0.9943567894255896, "f1_score_weighted": 0.9944014914926859, "size (kb)": 233.395751953125}}