{"base": {"accuracy_score": 0.873, "f1_score_macro": 0.8717167555950566, "f1_score_weighted": 0.8742832444049432, "size (kb)": 6621}, "float32": {"accuracy_score": 0.873, "f1_score_macro": 0.8717167555950566, "f1_score_weighted": 0.8742832444049432, "size (kb)": 2164}, "float16": {"accuracy_score": 0.8717, "f1_score_macro": 0.8705434317915091, "f1_score_weighted": 0.8728565682084911, "size (kb)": 565}}