{"base": {"accuracy_score": 0.873, "f1_score_macro": 0.8717167555950566, "f1_score_weighted": 0.8742832444049432, "size (kb)": 6621}, "weight_pruning_0.5": {"accuracy_score": 0.8255, "f1_score_macro": 0.8222393686991822, "f1_score_weighted": 0.8287606313008178, "size (kb)": 1331}, "weight_pruning_0.7": {"accuracy_score": 0.8377, "f1_score_macro": 0.8355011521722215, "f1_score_weighted": 0.8398988478277785, "size (kb)": 905}, "weight_pruning_0.8": {"accuracy_score": 0.8285, "f1_score_macro": 0.8267311680740981, "f1_score_weighted": 0.830268831925902, "size (kb)": 675}, "weight_pruning_0.85": {"accuracy_score": 0.8322, "f1_score_macro": 0.8301241847191274, "f1_score_weighted": 0.8342758152808727, "size (kb)": 558}, "weight_pruning_0.9": {"accuracy_score": 0.8198, "f1_score_macro": 0.8174382567891065, "f1_score_weighted": 0.8221617432108936, "size (kb)": 437}, "weight_pruning_0.925": {"accuracy_score": 0.8057, "f1_score_macro": 0.8036562139166241, "f1_score_weighted": 0.8077437860833759, "size (kb)": 376}, "weight_pruning_0.95": {"accuracy_score": 0.7558, "f1_score_macro": 0.7503895194300024, "f1_score_weighted": 0.7612104805699975, "size (kb)": 312}, "weight_pruning_0.975": {"accuracy_score": 0.6224, "f1_score_macro": 0.6018940402301708, "f1_score_weighted": 0.6429059597698291, "size (kb)": 244}, "weight_pruning_0.99": {"accuracy_score": 0.3116, "f1_score_macro": 0.24012472642863464, "f1_score_weighted": 0.38307527357136534, "size (kb)": 198}}