{"base": {"accuracy_score": 0.873, "f1_score_macro": 0.8717167555950566, "f1_score_weighted": 0.8742832444049432, "size (kb)": 6621}, "weight_pruning_0.5": {"accuracy_score": 0.8485, "f1_score_macro": 0.8471604712828906, "f1_score_weighted": 0.8498395287171093, "size (kb)": 2008}, "weight_pruning_0.7": {"accuracy_score": 0.8575, "f1_score_macro": 0.8564713755188919, "f1_score_weighted": 0.8585286244811081, "size (kb)": 2009}, "weight_pruning_0.8": {"accuracy_score": 0.8622, "f1_score_macro": 0.8620463328611964, "f1_score_weighted": 0.8623536671388038, "size (kb)": 2008}, "weight_pruning_0.85": {"accuracy_score": 0.859, "f1_score_macro": 0.8579829583711668, "f1_score_weighted": 0.8600170416288333, "size (kb)": 2009}, "weight_pruning_0.9": {"accuracy_score": 0.8595, "f1_score_macro": 0.8583359274281868, "f1_score_weighted": 0.8606640725718133, "size (kb)": 2009}, "weight_pruning_0.925": {"accuracy_score": 0.864, "f1_score_macro": 0.863218560685754, "f1_score_weighted": 0.864781439314246, "size (kb)": 2009}, "weight_pruning_0.95": {"accuracy_score": 0.8618, "f1_score_macro": 0.8599131562275517, "f1_score_weighted": 0.8636868437724483, "size (kb)": 2009}, "weight_pruning_0.975": {"accuracy_score": 0.861, "f1_score_macro": 0.8612253000445758, "f1_score_weighted": 0.8607746999554243, "size (kb)": 2009}, "weight_pruning_0.99": {"accuracy_score": 0.8683, "f1_score_macro": 0.8675339233321955, "f1_score_weighted": 0.8690660766678048, "size (kb)": 2009}, "node_pruning_0.9": {"accuracy_score": 0.814, "f1_score_macro": 0.8150681825666863, "f1_score_weighted": 0.8129318174333137, "params": 411854, "size (kb)": 4403}, "node_pruning_0.81": {"accuracy_score": 0.843, "f1_score_macro": 0.8424364541596558, "f1_score_weighted": 0.8435635458403443, "params": 292422, "size (kb)": 3131}, "node_pruning_0.7290000000000001": {"accuracy_score": 0.8555, "f1_score_macro": 0.8547380145264029, "f1_score_weighted": 0.8562619854735971, "params": 232674, "size (kb)": 2494}, "node_pruning_0.6561": {"accuracy_score": 0.7878, "f1_score_macro": 0.7844483205973001, "f1_score_weighted": 0.7911516794027, "params": 132793, "size (kb)": 1434}, "node_pruning_0.5904900000000001": {"accuracy_score": 0.8022, "f1_score_macro": 0.8002874740704813, "f1_score_weighted": 0.8041125259295188, "params": 112713, "size (kb)": 1220}, "node_pruning_0.531441": {"accuracy_score": 0.8094, "f1_score_macro": 0.8066454654919472, "f1_score_weighted": 0.812154534508053, "params": 91937, "size (kb)": 997}, "node_pruning_0.4782969000000001": {"accuracy_score": 0.8161, "f1_score_macro": 0.816352435073847, "f1_score_weighted": 0.815847564926153, "params": 72841, "size (kb)": 792}, "node_pruning_0.4304672100000001": {"accuracy_score": 0.7799, "f1_score_macro": 0.7804140705511294, "f1_score_weighted": 0.7793859294488704, "params": 60622, "size (kb)": 661}, "node_pruning_0.3874204890000001": {"accuracy_score": 0.7967, "f1_score_macro": 0.7947109688861603, "f1_score_weighted": 0.7986890311138397, "params": 51248, "size (kb)": 561}, "node_pruning_0.3486784401000001": {"accuracy_score": 0.7846, "f1_score_macro": 0.7811022264774927, "f1_score_weighted": 0.7880977735225074, "params": 43747, "size (kb)": 481}, "node_pruning_0.31381059609000006": {"accuracy_score": 0.7564, "f1_score_macro": 0.7540035362721971, "f1_score_weighted": 0.758796463727803, "params": 38623, "size (kb)": 426}, "node_pruning_0.2824295364810001": {"accuracy_score": 0.7474, "f1_score_macro": 0.7454327117625879, "f1_score_weighted": 0.7493672882374123, "params": 33045, "size (kb)": 366}, "node_pruning_0.2541865828329001": {"accuracy_score": 0.7136, "f1_score_macro": 0.7108720830767502, "f1_score_weighted": 0.7163279169232498, "params": 29097, "size (kb)": 323}, "node_pruning_0.2287679245496101": {"accuracy_score": 0.7067, "f1_score_macro": 0.7022527289757867, "f1_score_weighted": 0.7111472710242132, "params": 26180, "size (kb)": 292}, "node_pruning_0.20589113209464907": {"accuracy_score": 0.6161, "f1_score_macro": 0.6105591917759889, "f1_score_weighted": 0.621640808224011, "params": 23853, "size (kb)": 267}}