{"base": {"accuracy_score": 0.7942, "f1_score_macro": 0.7939519496035752, "f1_score_weighted": 0.794448050396425, "size (kb)": 461.71875}, "bnn_node_pruning_0.9": {"accuracy_score": 0.7952,"f1_score_macro": 0.7942305582282114,"f1_score_weighted": 0.7961694417717886,"size (kb)": 366.65283203125}, "bnn_node_pruning_0.81": {"accuracy_score": 0.7995, "f1_score_macro": 0.7999998749184501, "f1_score_weighted": 0.7990001250815499, "size (kb)": 281.056640625}, "bnn_node_pruning_0.7290000000000001": {"accuracy_score": 0.7816, "f1_score_macro": 0.782328531001987, "f1_score_weighted": 0.780871468998013, "size (kb)": 215.456298828125}}