{"base": {"accuracy_score": 0.8016, "f1_score_macro": 0.8011471983727793, "f1_score_weighted": 0.8020528016272206, "size (kb)": 499.8828125}, "bnn_node_pruning_0.9": {"accuracy_score": 0.7994, "f1_score_macro": 0.7997543920850314, "f1_score_weighted": 0.7990456079149687, "size (kb)": 404.81689453125}, "bnn_node_pruning_0.81": {"accuracy_score": 0.7962, "f1_score_macro": 0.7957843657407684, "f1_score_weighted": 0.7966156342592314, "size (kb)": 319.7392578125}, "bnn_node_pruning_0.7290000000000001": {"accuracy_score": 0.7845, "f1_score_macro": 0.7839749172894415, "f1_score_weighted": 0.7850250827105585, "size (kb)": 253.620361328125}}