{"base": {"accuracy_score": 0.7305, "f1_score_macro": 0.7284285946266962, "f1_score_weighted": 0.732571405373304, "size (kb)": 57.71484375, "params": 437640}, "bnn_node_pruning_0.6561": {"accuracy_score": 0.722, "f1_score_macro": 0.7228726409758155, "f1_score_weighted": 0.7211273590241846, "params": 336664, "size (kb)": 45.06640625}, "bnn_node_pruning_0.5904900000000001": {"accuracy_score": 0.7099, "f1_score_macro": 0.7078700530488389, "f1_score_weighted": 0.7119299469511612, "params": 244344, "size (kb)": 33.50390625}, "bnn_node_pruning_0.531441": {"accuracy_score": 0.688, "f1_score_macro": 0.6874970377010756, "f1_score_weighted": 0.6885029622989243, "params": 172983, "size (kb)": 24.5291748046875}, "bnn_node_pruning_0.4782969000000001": {"accuracy_score": 0.678, "f1_score_macro": 0.6721558315557796, "f1_score_weighted": 0.6838441684442204, "params": 141112, "size (kb)": 20.404296875}, "bnn_node_pruning_0.4304672100000001": {"accuracy_score": 0.6628, "f1_score_macro": 0.6641981696791127, "f1_score_weighted": 0.6614018303208872, "params": 113312, "size (kb)": 16.79833984375}, "bnn_node_pruning_0.3874204890000001": {"accuracy_score": 0.6415, "f1_score_macro": 0.6511775964635566, "f1_score_weighted": 0.6318224035364434, "params": 90978, "size (kb)": 13.881591796875}, "bnn_node_pruning_0.3486784401000001": {"accuracy_score": 0.6056, "f1_score_macro": 0.599359647300938, "f1_score_weighted": 0.611840352699062, "params": 75690, "size (kb)": 11.839599609375}, "bnn_node_pruning_0.31381059609000006": {"accuracy_score": 0.4545, "f1_score_macro": 0.45651137991271956, "f1_score_weighted": 0.4524886200872803, "params": 56877, "size (kb)": 9.3892822265625}, "bnn_node_pruning_0.2824295364810001": {"accuracy_score": 0.5892, "f1_score_macro": 0.5875844161220053, "f1_score_weighted": 0.5908155838779947, "params": 47108, "size (kb)": 8.0576171875}, "bnn_node_pruning_0.2541865828329001": {"accuracy_score": 0.5791, "f1_score_macro": 0.5675788042776901, "f1_score_weighted": 0.59062119572231, "params": 42036, "size (kb)": 7.31396484375}, "bnn_node_pruning_0.2287679245496101": {"accuracy_score": 0.432, "f1_score_macro": 0.4168011241664812, "f1_score_weighted": 0.4471988758335188, "params": 31082, "size (kb)": 5.859619140625}, "bnn_node_pruning_0.20589113209464907": {"accuracy_score": 0.4636, "f1_score_macro": 0.4656668000543531, "f1_score_weighted": 0.4615331999456468, "params": 27876, "size (kb)": 5.36572265625}, "bnn_node_pruning_0.18530201888518416": {"accuracy_score": 0.4695, "f1_score_macro": 0.458138012002726, "f1_score_weighted": 0.4808619879972739, "params": 24044, "size (kb)": 4.802734375}, "bnn_node_pruning_0.16677181699666577": {"accuracy_score": 0.4703, "f1_score_macro": 0.4639742540767956, "f1_score_weighted": 0.47662574592320434, "params": 22326, "size (kb)": 4.512451171875}, "bnn_node_pruning_0.15009463529699918": {"accuracy_score": 0.3454, "f1_score_macro": 0.31503098176512123, "f1_score_weighted": 0.37576901823487874, "params": 20027, "size (kb)": 4.1585693359375}}