{"base": {"accuracy_score": 0.7992, "f1_score_macro": 0.7994718738014797, "f1_score_weighted": 0.7989281261985203, "size (kb)": 461.71875}, "bnn_node_pruning_0.9": {"accuracy_score": 0.8004, "f1_score_macro": 0.7996071255313776, "f1_score_weighted": 0.8011928744686223, "size (kb)": 360.671875}, "bnn_node_pruning_0.81": {"accuracy_score": 0.7914, "f1_score_macro": 0.7916280832631055, "f1_score_weighted": 0.7911719167368946, "size (kb)": 271.8292236328125}, "bnn_node_pruning_0.7290000000000001": {"accuracy_score": 0.7769, "f1_score_macro": 0.7761100046851006, "f1_score_weighted": 0.7776899953148994, "size (kb)": 192.187255859375}}