{"base": {"accuracy_score": 0.9033510638297872, "f1_score_macro": 0.9025199833787635, "f1_score_weighted": 0.9041821442808109, "size (kb)": 5327}, "float32": {"accuracy_score": 0.9033510638297872, "f1_score_macro": 0.9025199833787635, "f1_score_weighted": 0.9041821442808109, "size (kb)": 1733}, "float16": {"accuracy_score": 0.902127659574468, "f1_score_macro": 0.9009006823007025, "f1_score_weighted": 0.9033546368482335, "size (kb)": 457}}