{"base": {"accuracy_score": 0.8949468085106383, "f1_score_macro": 0.8938890852532729, "f1_score_weighted": 0.8960045317680037, "size (kb)": 468.09375}, "bnn_node_pruning_0.9": {"accuracy_score": 0.8941489361702127, "f1_score_macro": 0.8932168124950572, "f1_score_weighted": 0.895081059845368, "size (kb)": 378.33203125}, "bnn_node_pruning_0.81": {"accuracy_score": 0.8907446808510638, "f1_score_macro": 0.8889765881905818, "f1_score_weighted": 0.8925127735115458, "size (kb)": 294.790283203125}, "bnn_node_pruning_0.729": {"accuracy_score": 0.8881382978723404, "f1_score_macro": 0.8868492411102585, "f1_score_weighted": 0.8894273546344221, "size (kb)": 220.02734375}}