{"base": {"accuracy_score": 0.9033510638297872, "f1_score_macro": 0.9025199833787635, "f1_score_weighted": 0.9041821442808109, "size (kb)": 5327}, "weight_pruning_0.5": {"accuracy_score": 0.8970744680851064, "f1_score_macro": 0.8958919754859385, "f1_score_weighted": 0.8982569606842744, "size (kb)": 1609}, "weight_pruning_0.7": {"accuracy_score": 0.9008510638297872, "f1_score_macro": 0.8999255154704132, "f1_score_weighted": 0.9017766121891612, "size (kb)": 1609}, "weight_pruning_0.8": {"accuracy_score": 0.8969148936170213, "f1_score_macro": 0.8963202034154091, "f1_score_weighted": 0.8975095838186334, "size (kb)": 1609}, "weight_pruning_0.85": {"accuracy_score": 0.9006382978723404, "f1_score_macro": 0.9000458077787221, "f1_score_weighted": 0.9012307879659587, "size (kb)": 1609}, "weight_pruning_0.9": {"accuracy_score": 0.8998936170212766, "f1_score_macro": 0.8991642166137293, "f1_score_weighted": 0.9006230174288239, "size (kb)": 1610}, "weight_pruning_0.925": {"accuracy_score": 0.9002127659574468, "f1_score_macro": 0.8985312536520391, "f1_score_weighted": 0.9018942782628547, "size (kb)": 1610}, "weight_pruning_0.95": {"accuracy_score": 0.901436170212766, "f1_score_macro": 0.900101817789773, "f1_score_weighted": 0.9027705226357587, "size (kb)": 1609}, "weight_pruning_0.975": {"accuracy_score": 0.9007446808510639, "f1_score_macro": 0.8985003108593727, "f1_score_weighted": 0.9029890508427549, "size (kb)": 1611}, "weight_pruning_0.99": {"accuracy_score": 0.8992021276595744, "f1_score_macro": 0.8975367294138992, "f1_score_weighted": 0.9008675259052503, "size (kb)": 1610}, "node_pruning_0.9": {"accuracy_score": 0.895, "f1_score_macro": 0.8926279909068227, "f1_score_weighted": 0.8973720090931772, "params": 340787, "size (kb)": 3658}, "node_pruning_0.81": {"accuracy_score": 0.8951595744680851, "f1_score_macro": 0.8938795166989253, "f1_score_weighted": 0.8964396322372451, "params": 280782, "size (kb)": 3018}, "node_pruning_0.7290000000000001": {"accuracy_score": 0.893563829787234, "f1_score_macro": 0.8928004001148174, "f1_score_weighted": 0.8943272594596504, "params": 208786, "size (kb)": 2249}, "node_pruning_0.6561": {"accuracy_score": 0.8951595744680851, "f1_score_macro": 0.8936371784035296, "f1_score_weighted": 0.8966819705326404, "params": 172167, "size (kb)": 1854}, "node_pruning_0.5904900000000001": {"accuracy_score": 0.8941489361702127, "f1_score_macro": 0.8920172855892841, "f1_score_weighted": 0.8962805867511416, "params": 149684, "size (kb)": 1613}, "node_pruning_0.531441": {"accuracy_score": 0.8948936170212766, "f1_score_macro": 0.8925137596838185, "f1_score_weighted": 0.8972734743587345, "params": 128962, "size (kb)": 1391}, "node_pruning_0.4782969000000001": {"accuracy_score": 0.8938297872340426, "f1_score_macro": 0.8920603590492291, "f1_score_weighted": 0.895599215418856, "params": 105424, "size (kb)": 1140}, "node_pruning_0.4304672100000001": {"accuracy_score": 0.8913829787234042, "f1_score_macro": 0.8890801685552286, "f1_score_weighted": 0.8936857888915798, "params": 78058, "size (kb)": 847}}