{"base": {"accuracy_score": 0.8939893617021276, "f1_score_macro": 0.8931514039691697, "f1_score_weighted": 0.8948273194350856, "size (kb)": 647.46484375}, "bnn_node_pruning_0.9": {"accuracy_score": 0.8897872340425532, "f1_score_macro": 0.8883530914338381, "f1_score_weighted": 0.8912213766512685, "size (kb)": 558.6380615234375}, "bnn_node_pruning_0.81": {"accuracy_score": 0.8857978723404255, "f1_score_macro": 0.8850271275070611, "f1_score_weighted": 0.8865686171737897, "size (kb)": 477.2474365234375}, "bnn_node_pruning_0.7290000000000001": {"accuracy_score": 0.8793085106382978, "f1_score_macro": 0.8785939303938891, "f1_score_weighted": 0.8800230908827066, "size (kb)": 408.53125}}