{"base": {"accuracy_score": 0.8962765957446809, "f1_score_macro": 0.8949180389804562, "f1_score_weighted": 0.8976351525089057, "size (kb)": 468.09375}, "bnn_node_pruning_0.7290000000000001": {"accuracy_score": 0.8931914893617021, "f1_score_macro": 0.8918313459074989, "f1_score_weighted": 0.8945516328159051, "size (kb)": 225.193115234375}, "bnn_node_pruning_0.9": {"accuracy_score": 0.8943085106382979, "f1_score_macro": 0.8934666229458628, "f1_score_weighted": 0.8951503983307327, "size (kb)": 379.2669677734375}, "bnn_node_pruning_0.81": {"accuracy_score": 0.8932446808510638, "f1_score_macro": 0.8920453889151886, "f1_score_weighted": 0.894443972786939, "size (kb)": 295.359375}}