{"base": {"accuracy_score": 0.8727659574468085, "f1_score_macro": 0.871228261354064, "f1_score_weighted": 0.874303653539553, "size (kb)": 58.51171875, "params": 441948}, "bnn_node_pruning_0.9": {"accuracy_score": 0.87, "f1_score_macro": 0.8691780801133279, "f1_score_weighted": 0.870821919886672, "params": 349900, "size (kb)": 46.953125}, "bnn_node_pruning_0.81": {"accuracy_score": 0.8687234042553191, "f1_score_macro": 0.8666453892886263, "f1_score_weighted": 0.8708014192220123, "params": 261612, "size (kb)": 35.8828125}, "bnn_node_pruning_0.7290000000000001": {"accuracy_score": 0.8610638297872341, "f1_score_macro": 0.8595500820519688, "f1_score_weighted": 0.8625775775224993, "params": 190638, "size (kb)": 26.955322265625}, "bnn_node_pruning_0.6561": {"accuracy_score": 0.8430851063829787, "f1_score_macro": 0.8396694796003484, "f1_score_weighted": 0.846500733165609, "params": 146680, "size (kb)": 21.35498046875}, "bnn_node_pruning_0.5904900000000001": {"accuracy_score": 0.8383510638297872, "f1_score_macro": 0.8367731035276632, "f1_score_weighted": 0.8399290241319113, "params": 120374, "size (kb)": 17.931396484375}, "bnn_node_pruning_0.531441": {"accuracy_score": 0.8494680851063829, "f1_score_macro": 0.8483954076817057, "f1_score_weighted": 0.8505407625310605, "params": 103476, "size (kb)": 15.67822265625}, "bnn_node_pruning_0.4782969000000001": {"accuracy_score": 0.8303723404255319, "f1_score_macro": 0.8280146433300973, "f1_score_weighted": 0.8327300375209663, "params": 89385, "size (kb)": 13.7823486328125}, "bnn_node_pruning_0.4304672100000001": {"accuracy_score": 0.8047872340425531, "f1_score_macro": 0.8027061025914108, "f1_score_weighted": 0.8068683654936957, "params": 76350, "size (kb)": 12.037353515625}, "bnn_node_pruning_0.3874204890000001": {"accuracy_score": 0.8216489361702127, "f1_score_macro": 0.8204102567787521, "f1_score_weighted": 0.8228876155616736, "params": 66527, "size (kb)": 10.6990966796875}, "bnn_node_pruning_0.3486784401000001": {"accuracy_score": 0.803936170212766, "f1_score_macro": 0.8026835660834718, "f1_score_weighted": 0.8051887743420602, "params": 56919, "size (kb)": 9.4017333984375}, "bnn_node_pruning_0.31381059609000006": {"accuracy_score": 0.8067553191489362, "f1_score_macro": 0.8044593711894241, "f1_score_weighted": 0.8090512671084481, "params": 50537, "size (kb)": 8.5054931640625}, "bnn_node_pruning_0.2824295364810001": {"accuracy_score": 0.7957978723404255, "f1_score_macro": 0.7922102323870059, "f1_score_weighted": 0.7993855122938451, "params": 46485, "size (kb)": 7.9083251953125}, "bnn_node_pruning_0.2541865828329001": {"accuracy_score": 0.7432446808510639, "f1_score_macro": 0.7384102586603191, "f1_score_weighted": 0.7480791030418085, "params": 38135, "size (kb)": 6.7938232421875}, "bnn_node_pruning_0.2287679245496101": {"accuracy_score": 0.7213829787234043, "f1_score_macro": 0.7145877516865201, "f1_score_weighted": 0.7281782057602885, "params": 33159, "size (kb)": 6.1058349609375}}