{"base": {"accuracy_score": 0.9231, "f1_score_macro": 0.9230028146128634, "f1_score_weighted": 0.9231971853871368, "size (kb)": 461.15625}, "bnn_node_pruning_0.9": {"accuracy_score": 0.9228, "f1_score_macro": 0.9223992918575977, "f1_score_weighted": 0.9232007081424023, "size (kb)": 360.190673828125}, "bnn_node_pruning_0.81": {"accuracy_score": 0.9207, "f1_score_macro": 0.9204488324821762, "f1_score_weighted": 0.9209511675178237, "size (kb)": 268.0960693359375}, "bnn_node_pruning_0.7290000000000001": {"accuracy_score": 0.9098, "f1_score_macro": 0.9089390098154839, "f1_score_weighted": 0.9106609901845162, "size (kb)": 185.14501953125}}