{"base": {"accuracy_score": 0.924, "f1_score_macro": 0.9235917861960822, "f1_score_weighted": 0.9244082138039179, "size (kb)": 461.15625}, "bnn_node_pruning_0.9": {"accuracy_score": 0.9253, "f1_score_macro": 0.9246912603364871, "f1_score_weighted": 0.9259087396635128, "size (kb)": 361.25634765625}, "bnn_node_pruning_0.81": {"accuracy_score": 0.925, "f1_score_macro": 0.9244386495444191, "f1_score_weighted": 0.925561350455581, "size (kb)": 271.3128662109375}, "bnn_node_pruning_0.7290000000000001": {"accuracy_score": 0.9112, "f1_score_macro": 0.9110829427577238, "f1_score_weighted": 0.9113170572422762, "size (kb)": 195.6566162109375}}