{"base": {"accuracy_score": 0.9097, "f1_score_macro": 0.9094184638795462, "f1_score_weighted": 0.9099815361204537, "size (kb)": 57.64453125, "params": 437064}, "bnn_node_pruning_0.9": {"accuracy_score": 0.9049, "f1_score_macro": 0.9044642546387488, "f1_score_weighted": 0.9053357453612513, "params": 335512, "size (kb)": 44.92578125}, "bnn_node_pruning_0.81": {"accuracy_score": 0.9016, "f1_score_macro": 0.901060067852604, "f1_score_weighted": 0.9021399321473961, "params": 243192, "size (kb)": 33.36328125}, "bnn_node_pruning_0.7290000000000001": {"accuracy_score": 0.8889, "f1_score_macro": 0.88905915122855, "f1_score_weighted": 0.88874084877145, "params": 167160, "size (kb)": 23.818359375}, "bnn_node_pruning_0.6561": {"accuracy_score": 0.8746, "f1_score_macro": 0.8750949247452438, "f1_score_weighted": 0.874105075254756, "params": 140167, "size (kb)": 20.2889404296875}, "bnn_node_pruning_0.5904900000000001": {"accuracy_score": 0.854, "f1_score_macro": 0.851620286164429, "f1_score_weighted": 0.8563797138355709, "params": 119180, "size (kb)": 17.5146484375}, "bnn_node_pruning_0.531441": {"accuracy_score": 0.8892, "f1_score_macro": 0.8872726382628914, "f1_score_weighted": 0.8911273617371086, "params": 98628, "size (kb)": 14.8154296875}, "bnn_node_pruning_0.4782969000000001": {"accuracy_score": 0.7362, "f1_score_macro": 0.7319592440085777, "f1_score_weighted": 0.7404407559914222, "params": 78300, "size (kb)": 12.158203125}, "bnn_node_pruning_0.4304672100000001": {"accuracy_score": 0.8409, "f1_score_macro": 0.8382773843131541, "f1_score_weighted": 0.843522615686846, "params": 62403, "size (kb)": 10.0638427734375}, "bnn_node_pruning_0.3874204890000001": {"accuracy_score": 0.8446, "f1_score_macro": 0.8448973120631541, "f1_score_weighted": 0.8443026879368457, "params": 53174, "size (kb)": 8.798095703125}, "bnn_node_pruning_0.3486784401000001": {"accuracy_score": 0.8456, "f1_score_macro": 0.8441592027715512, "f1_score_weighted": 0.8470407972284489, "params": 47400, "size (kb)": 7.96875}, "bnn_node_pruning_0.31381059609000006": {"accuracy_score": 0.848, "f1_score_macro": 0.8450079799316397, "f1_score_weighted": 0.8509920200683604, "params": 40937, "size (kb)": 7.0626220703125}, "bnn_node_pruning_0.2824295364810001": {"accuracy_score": 0.8396, "f1_score_macro": 0.834079041068245, "f1_score_weighted": 0.845120958931755, "params": 36093, "size (kb)": 6.3687744140625}, "bnn_node_pruning_0.2541865828329001": {"accuracy_score": 0.843, "f1_score_macro": 0.84063485072352, "f1_score_weighted": 0.8453651492764799, "params": 31343, "size (kb)": 5.6937255859375}, "bnn_node_pruning_0.2287679245496101": {"accuracy_score": 0.6578, "f1_score_macro": 0.6444943569071504, "f1_score_weighted": 0.6711056430928496, "params": 27852, "size (kb)": 5.18701171875}, "bnn_node_pruning_0.20589113209464907": {"accuracy_score": 0.7652, "f1_score_macro": 0.7620785757117433, "f1_score_weighted": 0.7683214242882568, "params": 24752, "size (kb)": 4.7353515625}}