{"base": {"accuracy_score": 0.921, "f1_score_macro": 0.9209537919369334, "f1_score_weighted": 0.9210462080630667, "size (kb)": 499.3203125}, "bnn_node_pruning_0.9": {"accuracy_score": 0.9207, "f1_score_macro": 0.9207703277380807, "f1_score_weighted": 0.9206296722619193, "size (kb)": 399.42041015625}, "bnn_node_pruning_0.81": {"accuracy_score": 0.9199, "f1_score_macro": 0.9197029892581486, "f1_score_weighted": 0.9200970107418515, "size (kb)": 310.00537109375}, "bnn_node_pruning_0.7290000000000001": {"accuracy_score": 0.9099, "f1_score_macro": 0.9092746592983978, "f1_score_weighted": 0.9105253407016022, "size (kb)": 231.924560546875}}