{"base": {"accuracy_score": 0.9386, "f1_score_macro": 0.9380939423015722, "f1_score_weighted": 0.939106057698428, "size (kb)": 5270}, "weight_pruning_0.5": {"accuracy_score": 0.9307, "f1_score_macro": 0.9303023106080074, "f1_score_weighted": 0.9310976893919928, "size (kb)": 1059}, "weight_pruning_0.7": {"accuracy_score": 0.9345, "f1_score_macro": 0.9341859707839545, "f1_score_weighted": 0.9348140292160455, "size (kb)": 719}, "weight_pruning_0.8": {"accuracy_score": 0.932, "f1_score_macro": 0.9318393133356777, "f1_score_weighted": 0.9321606866643224, "size (kb)": 538}, "weight_pruning_0.85": {"accuracy_score": 0.9331, "f1_score_macro": 0.9330993303629007, "f1_score_weighted": 0.9331006696370994, "size (kb)": 447}, "weight_pruning_0.9": {"accuracy_score": 0.9297, "f1_score_macro": 0.9293562486654536, "f1_score_weighted": 0.9300437513345465, "size (kb)": 351}, "weight_pruning_0.925": {"accuracy_score": 0.9143, "f1_score_macro": 0.91507746346223, "f1_score_weighted": 0.9135225365377699, "size (kb)": 301}, "weight_pruning_0.95": {"accuracy_score": 0.8743, "f1_score_macro": 0.8704279180137661, "f1_score_weighted": 0.878172081986234, "size (kb)": 251}, "weight_pruning_0.975": {"accuracy_score": 0.8727, "f1_score_macro": 0.8698887868389804, "f1_score_weighted": 0.8755112131610197, "size (kb)": 196}, "weight_pruning_0.99": {"accuracy_score": 0.7012, "f1_score_macro": 0.6596127523096262, "f1_score_weighted": 0.7427872476903739, "size (kb)": 160}, "node_pruning_0.9": {"accuracy_score": 0.9244, "f1_score_macro": 0.9251259102660022, "f1_score_weighted": 0.923674089733998, "params": 336014, "size (kb)": 3594}, "node_pruning_0.81": {"accuracy_score": 0.936, "f1_score_macro": 0.9355418469826258, "f1_score_weighted": 0.936458153017374, "params": 258342, "size (kb)": 2775}, "node_pruning_0.7290000000000001": {"accuracy_score": 0.9361, "f1_score_macro": 0.9355796315354213, "f1_score_weighted": 0.9366203684645785, "params": 213297, "size (kb)": 2294}, "node_pruning_0.6561": {"accuracy_score": 0.9349, "f1_score_macro": 0.9350409019139276, "f1_score_weighted": 0.9347590980860725, "params": 180404, "size (kb)": 1943}, "node_pruning_0.5904900000000001": {"accuracy_score": 0.9354, "f1_score_macro": 0.9354665666604827, "f1_score_weighted": 0.9353334333395172, "params": 152305, "size (kb)": 1641}, "node_pruning_0.531441": {"accuracy_score": 0.9382, "f1_score_macro": 0.9379917535479978, "f1_score_weighted": 0.938408246452002, "params": 126183, "size (kb)": 1360}, "node_pruning_0.4782969000000001": {"accuracy_score": 0.9346, "f1_score_macro": 0.9348792581585851, "f1_score_weighted": 0.9343207418414151, "params": 99414, "size (kb)": 1073}, "node_pruning_0.4304672100000001": {"accuracy_score": 0.9281, "f1_score_macro": 0.9288053996402592, "f1_score_weighted": 0.9273946003597408, "params": 81057, "size (kb)": 877}, "node_pruning_0.3874204890000001": {"accuracy_score": 0.9272, "f1_score_macro": 0.9271789862737281, "f1_score_weighted": 0.9272210137262721, "params": 67039, "size (kb)": 727}, "node_pruning_0.3486784401000001": {"accuracy_score": 0.9288, "f1_score_macro": 0.929053737352208, "f1_score_weighted": 0.9285462626477922, "params": 49836, "size (kb)": 544}, "node_pruning_0.31381059609000006": {"accuracy_score": 0.9233, "f1_score_macro": 0.9235338032530331, "f1_score_weighted": 0.923066196746967, "params": 33961, "size (kb)": 375}, "node_pruning_0.2824295364810001": {"accuracy_score": 0.9165, "f1_score_macro": 0.9169353608884899, "f1_score_weighted": 0.91606463911151, "params": 27816, "size (kb)": 309}, "node_pruning_0.2541865828329001": {"accuracy_score": 0.9069, "f1_score_macro": 0.9073084090918921, "f1_score_weighted": 0.906491590908108, "params": 21883, "size (kb)": 245}, "node_pruning_0.2287679245496101": {"accuracy_score": 0.8972, "f1_score_macro": 0.8970900435284005, "f1_score_weighted": 0.8973099564715994, "params": 18588, "size (kb)": 210}, "node_pruning_0.20589113209464907": {"accuracy_score": 0.8982, "f1_score_macro": 0.8979988510247111, "f1_score_weighted": 0.8984011489752889, "params": 17575, "size (kb)": 199}, "node_pruning_0.18530201888518416": {"accuracy_score": 0.8822, "f1_score_macro": 0.8783424559110766, "f1_score_weighted": 0.8860575440889233, "params": 15973, "size (kb)": 182}, "node_pruning_0.16677181699666577": {"accuracy_score": 0.8799, "f1_score_macro": 0.8803397499335567, "f1_score_weighted": 0.8794602500664433, "params": 14079, "size (kb)": 161}, "node_pruning_0.15009463529699918": {"accuracy_score": 0.8811, "f1_score_macro": 0.8802972213603237, "f1_score_weighted": 0.8819027786396764, "params": 11974, "size (kb)": 139}, "node_pruning_0.13508517176729928": {"accuracy_score": 0.8877, "f1_score_macro": 0.8872002337254623, "f1_score_weighted": 0.8881997662745378, "params": 11444, "size (kb)": 133}, "node_pruning_0.12157665459056935": {"accuracy_score": 0.8616, "f1_score_macro": 0.8590221512585916, "f1_score_weighted": 0.8641778487414083, "params": 10199, "size (kb)": 119}, "node_pruning_0.10941898913151242": {"accuracy_score": 0.8384, "f1_score_macro": 0.830768456073787, "f1_score_weighted": 0.8460315439262129, "params": 9697, "size (kb)": 114}}