{"base": {"accuracy_score": 0.9386, "f1_score_macro": 0.9380939423015722, "f1_score_weighted": 0.939106057698428, "size (kb)": 5270}, "float32": {"accuracy_score": 0.9386, "f1_score_macro": 0.9380939423015722, "f1_score_weighted": 0.939106057698428, "size (kb)": 1714}, "float16": {"accuracy_score": 0.9373, "f1_score_macro": 0.9367817844481252, "f1_score_weighted": 0.937818215551875, "size (kb)": 452}}